ID,Login,Blackholed_At
300550,fishcp-5,2025-01-16 03:00:00
300549,fishcp-4,2025-01-16 03:00:00
300548,fishcp-3,2025-01-16 03:00:00
300546,fishcp-1,2025-01-16 03:00:00
278713,sfourtyt,2024-09-28 01:59:00
246578,taeng42,2024-02-01 01:00:00
240878,heal,2023-12-28 00:54:00
238892,lol10,2023-12-11 08:32:00
238848,jeonghyk,2023-12-21 04:00:00
238847,junejang,2023-12-21 04:00:00
238771,sunan,2024-04-04 04:00:00
238767,donghwle,2024-03-29 04:00:00
238762,heerpark,2025-02-11 04:00:00
238713,seohyeki,2024-11-05 04:00:00
238679,jinwlim,2024-04-04 04:00:00
238678,jinwooki,2024-10-30 04:00:00
238663,jiwyoon,2023-12-21 04:00:00
238641,seowoo,2024-07-13 04:00:00
238628,junhjo,2024-02-18 04:00:00
238626,hyuyu,2024-02-23 04:00:00
238621,taehyki2,2024-11-29 04:00:00
238613,hyeonspa,2024-10-14 04:00:00
238610,jaeseole,2023-12-21 04:00:00
238607,dna,2025-02-13 04:00:00
238602,myojo,2024-02-18 04:00:00
238599,jihwanki,2024-07-25 04:00:00
238588,chanhole,2024-10-13 04:00:00
238586,emok,2025-01-11 04:00:00
238565,junyekim,2024-04-23 04:00:00
238555,3b3-163185,2024-06-10 04:00:00
238554,minjepar,2024-02-23 04:00:00
238551,heekim2,2023-12-21 04:00:00
238550,wooseonk,2024-07-16 04:00:00
238543,jakoo,2024-02-24 04:00:00
238542,wnam,2024-11-29 04:00:00
238536,kyunghpa,2024-02-18 04:00:00
238533,seucha,2023-12-21 04:00:00
238532,minseuki,2023-12-21 04:00:00
238531,dongyeok,2024-07-18 04:00:00
238525,woosucho,2024-02-24 04:00:00
238524,kyumkim,2025-01-17 04:00:00
238523,seojelee,2024-06-10 04:00:00
238522,gyeolee,2024-07-19 04:00:00
238518,dongyeki,2024-02-24 04:00:00
238515,yojin,2025-02-02 04:00:00
238514,hchoo,2024-08-24 04:00:00
238513,junghopa,2024-03-25 04:00:00
238511,jaechoe,2024-12-04 04:00:00
238509,kangwoki,2024-02-24 04:00:00
238508,mopark,2024-07-06 04:00:00
238506,jeonghch,2023-12-21 04:00:00
238505,bju,2023-12-21 04:00:00
238504,yohyun,2024-02-24 04:00:00
238503,heeahn,2024-04-19 04:00:00
238499,sanghhan,2025-02-14 04:00:00
238497,jaehson,2024-02-18 04:00:00
238496,changhon,2023-12-21 04:00:00
238495,wju,2023-12-21 04:00:00
238493,daehyuki,2023-12-21 04:00:00
238491,hyeongck,2024-06-22 04:00:00
238490,byunlee,2024-02-24 04:00:00
238488,jickim,2024-02-22 04:00:00
238487,jeopark,2024-02-18 04:00:00
238485,seongmle,2023-12-21 04:00:00
238483,sanpark2,2023-12-21 04:00:00
238480,sangmle2,2024-02-24 04:00:00
238475,junhocho,2024-03-25 04:00:00
238473,jaekim2,2023-12-21 04:00:00
238471,ghwang,2024-07-03 04:00:00
238470,ywon,2024-03-25 04:00:00
238466,seunghun,2024-05-08 04:00:00
238465,seungmol,2024-02-24 04:00:00
238462,yaekim,2024-10-16 04:00:00
238461,jekim2,2024-02-18 04:00:00
238460,gyuslee,2024-02-23 04:00:00
238459,geopark,2023-12-21 04:00:00
238456,jaekoh,2024-02-18 04:00:00
238455,hyunwooj,2024-02-24 04:00:00
238454,woucho,2024-12-14 04:00:00
238452,donson,2024-05-07 04:00:00
238451,seohlee,2023-12-21 04:00:00
238448,suminkim,2024-09-12 04:00:00
238443,minjeeki,2024-10-29 04:00:00
238441,seongcki,2024-04-26 04:00:00
238439,jinwooch,2024-02-24 04:00:00
238436,jeongrki,2024-02-18 04:00:00
238435,hyewoo,2024-11-12 04:00:00
238434,dansohn,2024-02-24 04:00:00
238433,seonggpa,2023-12-21 04:00:00
238430,hyeonble,2025-02-10 04:00:00
238422,gablee,2024-09-26 04:00:00
238420,dakang,2025-02-19 04:00:00
238416,dohyeong,2024-12-19 04:00:00
238412,jeongbel,2025-02-03 04:00:00
238411,euncko,2024-05-01 04:00:00
238409,minjaech,2024-09-19 04:00:00
238408,yewonlee,2024-05-01 04:00:00
238406,eunwkim,2024-02-23 04:00:00
238402,youjlee,2024-08-04 04:00:00
238398,gaan,2024-08-02 04:00:00
237506,junku,2024-01-29 05:47:00
213765,euntest,2023-06-22 06:23:00
213207,hyunlim2,2023-06-18 10:21:00
209097,dbae,2024-01-30 00:42:00
209094,beomjuki,2023-09-10 00:42:00
209093,dasong,2024-09-13 00:42:00
209091,shan2,2023-10-08 00:42:00
209090,jongmoon,2024-05-20 00:42:00
209088,siwonlee,2023-10-20 00:42:00
209087,kminjeon,2023-10-23 00:42:00
209086,inhkim,2024-02-14 00:42:00
209084,jihyuki2,2024-01-28 00:42:00
209083,dongmink,2023-05-29 00:42:00
209082,sroh,2023-05-29 00:42:00
209081,yerilee,2024-12-01 00:42:00
209080,kyusukim,2023-10-03 00:42:00
209078,hwijeon,2023-05-29 00:42:00
209076,yoonskim,2023-10-03 00:42:00
209075,bosekim,2023-11-24 00:42:00
209074,hybang,2023-09-09 00:42:00
209071,jeongwoo,2024-01-08 00:42:00
209069,seunlee2,2024-08-26 00:42:00
209068,hyeonseo,2023-10-07 00:42:00
209067,yeojung,2024-01-26 00:42:00
209066,hyeyoon,2023-10-03 00:42:00
209065,moson,2024-06-27 00:42:00
209062,sunghoch,2023-12-09 00:42:00
209061,minsokan,2023-05-29 00:42:00
209060,inseok,2024-01-27 00:42:00
209059,heeyjang,2023-12-26 00:42:00
209057,hywoo,2024-03-01 00:42:00
209056,chanspar,2024-07-06 00:42:00
209055,mkoo,2023-11-10 00:42:00
209054,hojuchoi,2025-01-07 00:42:00
209053,jongolee,2025-02-26 00:42:00
209050,jinhyeok,2025-01-10 00:42:00
209049,jawlee,2023-11-11 00:42:00
209048,siwpark,2023-10-08 00:42:00
209046,jowkim,2023-11-04 00:42:00
209045,sunghypa,2023-11-23 00:42:00
209044,hyeongle,2023-10-03 00:42:00
209043,hyeyu,2023-11-10 00:42:00
209041,hyojung,2023-10-08 00:42:00
209040,mryoo,2023-12-29 00:42:00
209037,jaeyonle,2023-10-03 00:42:00
209034,chaeliki,2024-01-03 00:42:00
209033,jiheekan,2024-11-05 00:42:00
209032,beomhkim,2023-09-26 00:42:00
209028,sunlim,2023-09-10 00:42:00
209027,jihybang,2023-10-03 00:42:00
209024,chijung,2023-10-03 00:42:00
209023,seungule,2023-12-04 00:42:00
209022,minjeon,2023-05-29 00:42:00
209021,jelee2,2023-08-06 00:42:00
209018,haejokim,2023-12-22 00:42:00
209017,wonjucho,2023-08-07 00:42:00
209016,jesepark,2023-10-02 00:42:00
209015,sebang,2023-05-29 00:42:00
209009,seonglim,2024-02-05 00:42:00
209007,jinyim,2023-10-04 00:42:00
209005,jihwanpa,2023-10-03 00:42:00
209002,hyeoshin,2023-10-03 00:42:00
209001,chanlim,2023-11-07 00:42:00
208997,jinwokim,2023-12-23 00:42:00
208995,sumjo,2025-01-13 00:42:00
208994,seunghy2,2024-08-27 00:42:00
208991,ahhlee,2023-10-16 00:42:00
208990,minjiki2,2023-10-01 00:42:00
208989,jeongbpa,2025-01-21 00:42:00
208987,haekang,2025-01-12 00:42:00
208986,hylee2,2023-11-06 00:42:00
208985,soohykim,2023-11-04 00:42:00
208982,sanseo,2023-12-07 00:42:00
208977,jaeychoi,2023-10-23 00:42:00
208976,tshin,2023-11-08 00:42:00
208974,jho,2024-12-24 00:42:00
208973,dohyeonk,2023-12-10 00:42:00
208970,junyu,2024-11-11 00:42:00
208964,minjaek2,2023-10-05 00:42:00
208963,minkylee,2025-02-13 00:42:00
208961,junhseo,2023-10-23 00:42:00
208957,seso,2023-09-10 00:42:00
208954,sangyepa,2024-02-01 00:42:00
208949,jisukim,2023-10-14 00:42:00
208944,sangchep,2023-11-10 00:42:00
208943,hwayu,2023-10-28 00:42:00
208942,geshin,2024-12-28 00:42:00
208938,jihshin,2024-01-31 00:42:00
208937,jinhyki2,2023-11-17 00:42:00
208936,seungjyu,2023-12-03 00:42:00
208935,dongwole,2024-01-23 00:42:00
208932,jingkim,2023-10-03 00:42:00
208931,yenoh,2023-12-14 00:42:00
208930,youngcch,2023-10-03 00:42:00
208927,jaehyjoo,2023-12-09 00:42:00
208923,jooypark,2024-01-24 00:42:00
208922,jimhong,2023-09-10 00:42:00
208919,sishin,2023-11-05 00:42:00
208917,byoon,2023-10-03 00:42:00
208913,minwucho,2024-01-03 00:42:00
208912,seungjpa,2023-12-04 00:42:00
208910,gyechoi,2023-12-07 00:42:00
208909,guwoo,2023-11-07 00:42:00
208906,hanbkang,2023-09-10 00:42:00
208903,suacho,2024-03-05 00:42:00
208899,haeykim,2024-02-01 00:42:00
208898,taeoh,2025-01-06 00:42:00
208897,seokhong,2024-08-11 00:42:00
201773,agu-test,2024-09-24 02:16:00
201141,ryyaoi,2023-03-29 05:51:00
195714,jimlee,2024-02-06 00:42:00
195712,seonghyu,2024-03-12 00:42:00
195711,sekim2,2023-03-29 00:42:00
195710,gyeonkim,2023-06-09 00:42:00
195700,hyeonsul,2024-02-25 00:42:00
195681,youyoon,2023-10-21 00:42:00
195674,dsin,2023-03-30 00:42:00
195673,chajung,2024-10-23 00:42:00
195657,hosulee,2023-07-08 00:42:00
195656,dongmiki,2024-03-03 00:42:00
195654,hojakim,2023-10-14 00:42:00
195648,hseung,2023-06-07 00:42:00
195647,daewoole,2024-09-14 00:42:00
195646,npark,2023-05-31 00:42:00
195643,heejikim,2023-08-08 00:42:00
195635,youngjki,2023-03-24 00:42:00
195625,jung-yoo,2023-09-28 00:42:00
195618,joohekim,2023-07-03 00:42:00
195592,hyuyi,2023-01-23 00:42:00
195582,sunyoon,2023-08-08 00:42:00
195568,jin-park,2023-08-05 00:42:00
195563,sanghyun,2023-01-23 00:42:00
195560,sanko,2023-01-23 00:42:00
195558,jeoh,2023-03-30 00:42:00
195538,sungohki,2023-06-06 00:42:00
195536,eunhcho,2024-03-01 00:42:00
195528,dajeon,2024-09-24 00:42:00
195495,haeskim,2023-11-23 00:42:00
195475,myeyou,2023-03-30 00:42:00
195457,jeongyle,2025-01-18 00:42:00
195436,minkyuki,2025-01-05 00:42:00
195426,jihokim2,2024-04-29 00:42:00
195422,soojoo,2023-08-17 00:42:00
195417,jukim2,2024-09-06 00:42:00
195409,misim,2023-07-15 00:42:00
195399,seunghoy,2024-07-16 00:42:00
195392,gehan,2023-10-04 00:42:00
195389,seycho,2023-06-12 00:42:00
195384,minson,2023-08-19 00:42:00
195382,jaeseule,2023-08-18 00:42:00
195377,mkweon,2024-01-27 00:42:00
195371,jupark2,2023-05-24 00:42:00
195365,byson,2024-11-23 00:42:00
195359,soohkang,2024-01-29 00:42:00
195350,geonukim,2023-01-23 00:42:00
195349,jchoi2,2024-01-16 00:42:00
195345,seojulee,2024-04-13 00:42:00
195339,sunhypar,2023-01-23 00:42:00
195328,jaehulee,2023-09-24 00:42:00
195316,sungmich,2023-03-30 00:42:00
195308,jesong,2023-08-06 00:42:00
195304,daahn,2023-05-03 00:42:00
195299,youngski,2024-01-05 00:42:00
195294,junbpark,2023-01-23 00:42:00
195291,mingekim,2024-08-24 00:42:00
195282,seuko,2024-08-16 00:42:00
195264,jaeyyoo,2023-08-19 00:42:00
195257,chihmoon,2023-06-09 00:42:00
195255,dyang,2023-11-24 00:42:00
195253,minkkang,2023-01-23 00:42:00
195251,jinsjeon,2023-05-03 00:42:00
195250,youngkpa,2024-01-20 00:42:00
195246,junglee,2025-01-24 00:42:00
195245,subilee,2024-01-29 00:42:00
195242,sejikim,2023-07-06 00:42:00
195240,byelee,2023-07-14 00:42:00
195238,juykim,2024-02-02 00:42:00
195237,hbyeon,2023-08-15 00:42:00
195236,seokjlee,2023-01-23 00:42:00
195234,junggkim,2023-11-23 00:42:00
195233,dojeong,2024-03-04 00:42:00
195232,seondkim,2023-01-23 00:42:00
195229,jaehyang,2024-03-01 00:42:00
195228,jukwak,2023-08-01 00:42:00
195226,heejunki,2023-11-26 00:42:00
195225,hyseong,2023-10-21 00:42:00
195223,taewanki,2023-08-11 00:42:00
195222,wmo,2024-01-10 00:42:00
195221,seujo,2023-07-07 00:42:00
195219,injsong,2023-07-08 00:42:00
195217,dongyshi,2024-12-23 00:42:00
195216,saelim,2023-08-16 00:42:00
195215,jyook,2023-07-16 00:42:00
195214,sangwoki,2025-01-22 00:42:00
195213,suhbaek,2024-12-16 00:42:00
195211,gan,2024-08-09 00:42:00
195208,cahn,2024-12-05 00:42:00
195206,jiwonle2,2023-11-21 00:42:00
195202,hyunjki2,2024-09-14 00:42:00
195200,yoonjkim,2023-08-14 00:42:00
195199,seokhcho,2023-01-23 00:42:00
195197,mi,2024-01-20 00:42:00
195196,hyejeon,2023-03-30 00:42:00
195193,jnho,2024-01-14 00:42:00
195192,seulkim,2024-01-17 00:42:00
195189,soh2,2023-09-29 00:42:00
195188,seocha,2023-10-04 00:42:00
195186,sanghyep,2023-05-03 00:42:00
195179,wyoon,2023-12-15 00:42:00
195178,gunjkim,2024-09-01 00:42:00
195176,chbaek,2024-07-12 00:42:00
195174,sanghyeo,2023-05-03 00:42:00
195169,jahlee,2024-07-24 00:42:00
195168,euihlee,2023-06-14 00:42:00
195166,gwnam,2023-01-23 00:42:00
195164,mygo,2025-02-02 00:42:00
195163,junckim,2023-08-06 00:42:00
195162,josong,2023-01-29 00:42:00
195161,hyewokim,2023-05-26 00:42:00
195160,saseo,2025-02-26 00:42:00
195158,hocsong,2024-02-29 00:42:00
195156,hyungnoh,2024-07-23 00:42:00
195155,soohong,2023-08-31 00:42:00
195153,dohyunki,2024-01-14 00:42:00
195151,yeohong,2024-01-18 00:42:00
195148,amukhame,2023-12-16 00:42:00
195147,jinsyang,2023-06-08 00:42:00
195143,dogpark,2024-08-27 00:42:00
195142,seminkim,2023-01-23 00:42:00
195139,harkim,2024-01-17 00:42:00
195138,sanan,2024-06-25 00:42:00
195137,yha,2023-11-25 00:42:00
195136,jison,2023-10-28 00:42:00
195134,jooyelee,2023-06-08 00:42:00
195132,jehelee,2023-10-29 00:42:00
195130,sungmoon,2023-01-23 00:42:00
195128,hanseuki,2023-08-23 00:42:00
195127,hyejeong,2024-01-30 00:42:00
195123,jaeha,2023-05-26 00:42:00
195122,jaeheele,2023-06-10 00:42:00
195121,kasung,2023-05-03 00:42:00
195120,jiryu,2024-03-18 00:42:00
195119,jichoe,2024-11-13 00:42:00
195118,kyeom,2023-05-31 00:42:00
195117,juhypark,2023-07-12 00:42:00
195115,jinhchoi,2024-10-09 00:42:00
183872,3b3-132651,2023-03-18 14:42:00
183622,ccoconut,2022-11-15 07:35:00
174092,seonghwk,2022-09-19 01:00:00
174091,taekyuki,2022-09-19 01:00:00
174090,youngwok,2022-09-19 01:00:00
172239,joohyule,2022-09-19 01:00:00
172237,kjungoo,2022-12-27 01:00:00
172236,pji,2023-10-29 01:00:00
172235,juwkoh,2023-06-04 01:00:00
172233,sojilee,2023-01-22 01:00:00
172227,joohhan,2023-08-09 01:00:00
172224,nayeokim,2022-09-19 01:00:00
172221,jeolim,2023-09-19 01:00:00
172216,wjoung,2023-01-20 01:00:00
172213,jeapark,2023-01-24 01:00:00
172210,segan,2023-12-09 01:00:00
172209,ljeong-w,2023-02-08 01:00:00
172204,inosong,2023-06-02 01:00:00
172203,byeongki,2023-01-24 01:00:00
172201,jaehypar,2022-09-19 01:00:00
172194,mwon,2023-01-19 01:00:00
172190,yonhong,2023-04-13 01:00:00
172184,minjaeki,2022-11-23 01:00:00
172183,bonkim,2023-02-07 01:00:00
172181,yseong,2022-09-19 01:00:00
172180,juykang,2023-09-04 01:00:00
172178,yonggkim,2023-02-08 01:00:00
172169,youso,2023-01-13 01:00:00
172165,hyunjo,2023-03-08 01:00:00
172163,daehokim,2023-02-01 01:00:00
172160,chaeyopa,2023-10-22 01:00:00
172159,donghuki,2023-01-24 01:00:00
172157,junji,2023-10-27 01:00:00
172156,ykong,2022-11-23 01:00:00
172152,aykim,2022-09-19 01:00:00
172147,heecjang,2023-04-07 01:00:00
172140,jishong,2023-04-11 01:00:00
172139,hyeonjo,2023-12-20 01:00:00
172138,jaeyan,2023-10-16 01:00:00
172137,seungjki,2024-01-12 01:00:00
172136,sangyeon,2022-12-27 01:00:00
172135,yeonjale,2022-11-23 01:00:00
172134,seokang,2023-09-04 01:00:00
172133,seojo,2024-05-09 01:00:00
172132,minyouki,2023-02-24 01:00:00
172130,ji-song,2023-06-20 01:00:00
172128,junyoung,2023-09-02 01:00:00
172126,joushin,2024-05-11 01:00:00
172125,minwcho,2023-02-08 01:00:00
172124,myjo,2022-11-23 01:00:00
172123,junsolee,2024-12-12 01:00:00
172121,bojung,2023-10-23 01:00:00
172120,cna,2022-09-19 01:00:00
172119,dayun,2024-03-25 01:00:00
172118,hyuncpar,2023-04-22 01:00:00
172117,jiwhkim,2022-09-19 01:00:00
172116,hyojulee,2023-03-12 01:00:00
172115,chashin,2023-01-24 01:00:00
172114,kihukim,2022-12-27 01:00:00
172112,hyeongyk,2022-09-19 01:00:00
172110,sji,2023-05-21 01:00:00
172109,eunjeong,2024-09-11 01:00:00
172108,junlee2,2023-10-06 01:00:00
172107,byusong,2022-11-23 01:00:00
172103,seonggyk,2023-03-23 01:00:00
172098,johyyoon,2023-05-17 01:00:00
172094,junhong,2023-01-20 01:00:00
172091,heeunkim,2023-01-22 01:00:00
172090,sungwoop,2023-01-22 01:00:00
172089,hacho,2025-02-12 01:00:00
172086,yeongele,2023-06-18 01:00:00
172084,jiwonhan,2023-06-01 01:00:00
172078,seungbae,2023-04-03 01:00:00
172077,sunkang,2022-09-19 01:00:00
172075,gekim,2023-02-25 01:00:00
172071,hyunjang,2023-01-19 01:00:00
172070,hyyoo,2023-08-25 01:00:00
172068,gyroh,2023-05-21 01:00:00
172063,hyerimki,2024-05-07 01:00:00
172061,gyuyekim,2022-09-19 01:00:00
172056,yeham,2023-09-05 01:00:00
172051,ghahn,2023-03-13 01:00:00
172049,yejekim,2022-11-17 01:00:00
172048,epark,2023-03-04 01:00:00
172037,minsupk2,2023-02-04 01:00:00
172035,chaeypar,2022-09-19 01:00:00
172034,geonilee,2023-04-06 01:00:00
172033,dohyeoki,2023-04-08 01:00:00
172032,jeonscho,2023-02-25 01:00:00
172031,yesollee,2023-04-19 01:00:00
172026,yjo,2023-01-30 01:00:00
172025,semun,2023-04-21 01:00:00
172023,jiyonpar,2023-11-05 01:00:00
172021,junyoo,2023-03-27 01:00:00
172020,boran,2023-10-11 01:00:00
172017,eujeong,2023-06-18 01:00:00
172016,jjeong2,2022-12-27 01:00:00
172010,geonlee,2024-01-31 01:00:00
172009,yukwak,2023-04-08 01:00:00
172008,chason,2023-01-24 01:00:00
172007,skim2,2023-06-16 01:00:00
172005,sanghjeo,2023-06-02 01:00:00
172000,hayou,2022-09-19 01:00:00
171997,sangheoh,2023-04-07 01:00:00
171993,yehyun,2024-01-15 01:00:00
171992,seyang,2023-10-27 01:00:00
171991,eujin,2022-09-19 01:00:00
171990,jachoe,2022-12-27 01:00:00
171988,jerhee,2023-11-07 01:00:00
171987,gaeokim,2023-06-11 01:00:00
171985,coh,2023-05-18 01:00:00
171984,seoshin,2023-05-18 01:00:00
171983,cyun,2023-04-22 01:00:00
171981,dakim2,2023-01-24 01:00:00
171979,gyoon,2024-09-25 01:00:00
171978,mincshin,2023-04-11 01:00:00
171976,dashin,2022-09-19 01:00:00
171975,seunjeon,2023-02-13 01:00:00
171971,jeojeon,2024-08-31 01:00:00
171970,juneykim,2023-03-04 01:00:00
171969,mijung,2023-01-24 01:00:00
171968,gyuwlee,2022-12-27 01:00:00
171965,juwkim,2024-09-17 01:00:00
171964,tkong,2024-05-05 01:00:00
168681,seoul-dm99,2022-08-04 06:46:00
167474,greenedu,2022-07-18 06:30:00
167082,m-swy81,2022-07-15 04:00:00
167081,m-hbdk,2022-07-15 03:00:00
167079,m-deal,2022-07-15 03:00:00
167077,m-ruby,2022-07-15 03:00:00
167075,m-qweszx,2022-07-15 03:00:00
167073,m-jaehwa,2022-07-15 03:00:00
167071,m-sangh,2022-07-15 03:00:00
167068,m-payton,2022-07-15 03:00:00
167067,m-gipy,2022-07-15 03:00:00
167065,m-cheoly,2022-07-15 03:00:00
167063,m-jusyoo,2022-07-15 03:00:00
167061,m-shjo,2022-07-15 03:00:00
167059,m-jun,2022-07-15 03:00:00
167057,m-engeng,2022-07-15 03:00:00
167055,m-ohcpa,2022-07-15 03:00:00
167052,m-shahn,2022-07-15 03:00:00
167050,m-jshin,2022-07-15 03:00:00
167049,m-ralf,2022-07-15 03:00:00
167047,m-jybyun,2022-07-15 03:00:00
167045,m-phb,2022-07-15 03:00:00
167042,m-syoung,2022-07-15 03:00:00
167041,m-chbae,2022-07-15 03:00:00
167039,m-fastpo,2022-07-15 03:00:00
167037,m-min,2022-07-15 03:00:00
167035,m-hgkim,2022-07-15 03:00:00
167033,m-cwdoh,2022-07-15 03:00:00
167031,m-sknam,2022-07-15 03:00:00
167028,m-ndb,2022-07-15 03:00:00
167027,m-subicu,2022-07-15 03:00:00
167025,m-bistro,2022-07-15 03:00:00
167022,m-nkang,2022-07-15 03:00:00
167021,m-sulac,2022-07-15 03:00:00
167018,m-kbs,2022-07-15 03:01:00
167016,m-jihko,2022-07-15 03:00:00
166446,voxotest,2022-07-03 13:27:00
162387,seoylee,2022-07-27 01:00:00
162379,jjin,2024-01-13 01:00:00
162376,jiikang,2022-07-27 01:00:00
162375,jeyou,2022-07-27 01:00:00
162364,wonychoi,2022-06-02 01:00:00
162362,mobae,2022-11-05 01:00:00
162356,sanahn,2023-01-18 01:00:00
162353,jiwoolee,2023-01-18 01:00:00
162352,mlee2,2022-09-02 01:00:00
162340,mojo,2023-04-23 01:00:00
162335,kseo,2022-10-25 01:00:00
162334,mingkim,2022-12-10 01:00:00
162331,dongjuki,2022-06-02 01:00:00
162326,sgi,2022-11-01 01:00:00
162325,wookim2,2022-12-08 01:00:00
162323,hyeonjik,2022-09-27 01:00:00
162320,junykim,2023-05-16 01:00:00
162310,sehjang,2024-01-13 01:00:00
162302,ccho,2023-08-31 01:00:00
162299,chaeyhan,2023-06-20 01:00:00
162298,dpark,2024-02-21 01:00:00
162297,yunhchoi,2022-07-21 01:00:00
162294,ryoon,2022-08-30 01:00:00
162293,sewpark,2022-09-20 01:00:00
162291,minshin,2022-07-27 01:00:00
162290,jukoh,2022-08-30 01:00:00
162286,jgwon,2022-12-15 01:00:00
162281,donghkan,2022-09-02 01:00:00
162280,seungwol,2022-09-22 01:00:00
162278,seohbae,2022-06-02 01:00:00
162275,dllee,2024-01-23 01:00:00
162274,go,2022-11-11 01:00:00
162272,sgwak,2022-07-27 01:00:00
162269,seonghuk,2022-11-03 01:00:00
162267,younglee,2023-03-05 01:00:00
162266,hangokim,2023-04-03 01:00:00
162262,seunyoo,2022-07-21 01:00:00
162261,youngjch,2022-06-02 01:00:00
162260,eunjlee,2022-09-27 01:00:00
162254,jikwak,2022-10-11 01:00:00
162253,hyojeong,2022-12-26 01:00:00
162252,namhokim,2022-07-27 01:00:00
162251,hojjung,2022-10-15 01:00:00
162249,sunmlee,2022-09-27 01:00:00
162247,junhelee,2023-07-05 01:00:00
162245,jichang,2022-06-02 01:00:00
162244,solim,2022-10-11 01:00:00
162243,yosong,2022-10-26 01:00:00
162241,youjung,2023-01-31 01:00:00
162240,wojeong,2023-01-25 01:00:00
162239,guntkim,2022-09-05 01:00:00
162237,dokim2,2022-11-19 01:00:00
162236,yejhong,2022-11-01 01:00:00
162235,dongjshi,2022-09-27 01:00:00
162234,djeong,2022-12-13 01:00:00
162232,chanhapa,2022-09-22 01:00:00
162231,yeblee,2023-04-18 01:00:00
162229,sangwoha,2022-09-21 01:00:00
162228,minyoon,2022-09-05 01:00:00
162226,minseoka,2022-07-21 01:00:00
162223,eukwon,2022-11-30 01:00:00
162220,seunam,2022-09-20 01:00:00
162218,gikim,2022-06-02 01:00:00
162217,kyungmki,2022-07-26 01:00:00
162215,jiwha,2022-12-10 01:00:00
162214,hajeong,2023-11-21 01:00:00
162213,klew,2024-01-23 01:00:00
162212,khwang,2022-11-19 01:00:00
162211,chwang,2022-09-20 01:00:00
162209,tkang,2023-01-19 01:00:00
162208,3b3-103975,2024-01-13 01:00:00
162207,tson,2023-06-27 01:00:00
162206,tsong,2022-08-28 01:00:00
162204,donkang,2022-09-20 01:00:00
162203,ygong,2023-01-22 01:00:00
162201,daeukim,2022-08-30 01:00:00
162200,byjeon,2023-01-16 01:00:00
162199,juson,2022-11-08 01:00:00
162198,seonmoon,2022-09-27 01:00:00
162195,seahn,2023-03-03 01:00:00
162194,dohyukim,2022-09-22 01:00:00
162189,changhki,2022-11-21 01:00:00
162188,taehyunk,2023-10-08 01:00:00
162187,sanghyel,2022-09-27 01:00:00
162186,wko,2022-08-30 01:00:00
162184,sson,2022-06-02 01:00:00
162182,suhyoon,2022-09-26 01:00:00
162179,sumkim,2022-06-02 01:00:00
162178,takwon,2022-06-02 01:00:00
162176,jeykim,2023-08-29 01:00:00
162175,hyejlee,2022-06-02 01:00:00
162172,gwshin,2022-07-21 01:00:00
162171,hanjung,2022-09-23 01:00:00
162167,eunklee,2022-10-05 01:00:00
162166,twe,2022-06-02 01:00:00
162165,tkwon,2022-09-04 01:00:00
162164,hyunoh,2022-08-19 01:00:00
162163,sunwojun,2022-08-30 01:00:00
162162,hyunhkim,2022-10-07 01:00:00
162161,isong,2022-06-02 01:00:00
162159,jihonkim,2023-06-28 01:00:00
162158,msong,2025-01-19 01:00:00
162157,jchin,2022-11-12 01:00:00
162156,wootkim,2022-12-20 01:00:00
162154,junsoh,2023-02-23 01:00:00
162153,juntakim,2022-06-02 01:00:00
162151,mochae,2023-01-13 01:00:00
162150,seheo,2023-04-29 01:00:00
162147,giykim,2022-12-17 01:00:00
162146,woochoi,2022-10-28 01:00:00
162145,yoyun,2022-09-26 01:00:00
162143,sunahn,2022-11-18 01:00:00
162140,min-skim,2023-06-06 01:00:00
162138,donghunl,2022-08-30 01:00:00
162137,chyeok,2023-01-15 01:00:00
162136,yecsong,2022-12-21 01:00:00
162135,josnoh,2022-09-20 01:00:00
162134,seonghyk,2023-06-26 01:00:00
162133,eheo,2022-06-02 01:00:00
162131,junjeong,2022-07-27 01:00:00
162130,mkwak,2022-07-26 01:00:00
162128,young-pa,2022-08-30 01:00:00
162126,jaemilee,2022-08-14 01:00:00
162124,kwpark,2023-06-19 01:00:00
162122,youngcho,2022-12-13 01:00:00
162121,yomin,2023-11-05 01:00:00
162120,kko,2023-12-06 01:00:00
162119,hyunglee,2022-09-22 01:00:00
162117,youshin,2022-11-03 01:00:00
162116,youngkki,2022-09-27 01:00:00
162115,junseoki,2022-09-21 01:00:00
162114,jashin,2023-06-17 01:00:00
162112,seunjang,2022-12-16 01:00:00
162111,hyeonhle,2022-09-22 01:00:00
162109,minjeki2,2022-09-20 01:00:00
162108,hyujang,2023-05-05 01:00:00
162107,yonghlee,2023-10-05 01:00:00
162106,chanbpar,2022-06-02 01:00:00
162105,seyoon,2022-06-02 01:00:00
162104,junsyun,2023-03-03 01:00:00
162103,uryu,2024-09-06 01:00:00
162102,dohwang,2022-06-02 01:00:00
162100,ikkim,2022-11-27 01:00:00
162099,koh,2022-09-22 01:00:00
162097,sanghyki,2024-07-08 01:00:00
162096,dseo,2022-11-11 01:00:00
162094,sangjpar,2022-07-21 01:00:00
162092,minsekan,2022-11-29 01:00:00
162091,siseo,2022-09-27 01:00:00
162090,dopaek,2022-09-22 01:00:00
162089,jojoo,2022-12-10 01:00:00
162088,sueshin,2023-11-02 01:00:00
162086,bolee,2023-02-27 01:00:00
162085,seohyuki,2022-11-21 01:00:00
162083,incshin,2022-12-15 01:00:00
162082,hyejipar,2022-10-03 01:00:00
162081,hyunjpar,2022-11-21 01:00:00
162080,tayeo,2023-01-18 01:00:00
162079,hgo,2022-09-27 01:00:00
162077,minhelee,2022-08-30 01:00:00
162076,myson,2022-12-15 01:00:00
162075,yewolee,2023-03-13 01:00:00
162074,siykim,2024-01-13 01:00:00
162073,jijoo,2023-08-18 01:00:00
162072,siopark,2022-07-27 01:00:00
162071,suejo,2022-10-05 01:00:00
162070,seson,2022-09-22 01:00:00
162068,donghshi,2022-12-16 01:00:00
162067,suschoi,2022-09-22 01:00:00
162066,jihopark,2022-09-05 01:00:00
162065,mincheki,2022-07-27 01:00:00
162064,jiyoon,2022-07-27 01:00:00
162063,youko,2022-11-05 01:00:00
162060,hyebpark,2022-08-30 01:00:00
162059,sobaek,2022-09-22 01:00:00
162057,woojlee,2022-08-30 01:00:00
162056,mukim,2022-07-27 01:00:00
162055,jihyelee,2022-09-22 01:00:00
162054,wnoh,2022-07-27 01:00:00
162052,knoh,2024-01-13 01:00:00
162051,dongjlee,2023-03-11 01:00:00
162050,hwichoi,2023-07-05 01:00:00
162049,hehwang,2022-09-27 01:00:00
162047,michoe,2022-11-07 01:00:00
162046,jnoh,2023-03-19 01:00:00
161416,wedas2,2022-05-09 08:36:00
161415,wedas1,2022-05-09 08:36:00
161409,wedas3,2022-05-09 02:41:00
161076,hwayeon,2023-02-15 08:29:00
160826,green,2022-04-29 01:30:00
151069,3b3-103787,2022-03-11 09:36:00
151058,3b3-103786,2022-03-11 08:24:00
151042,ddidim,2022-03-11 02:15:00
149623,3b3-103499,2022-02-16 10:29:00
146171,ljeongin,2023-09-05 08:44:00
146170,yeocho,2022-05-24 08:43:00
146169,hyejo,2022-12-04 08:43:00
146166,jihong,2022-11-12 08:42:00
146165,bchoi,2022-07-02 08:42:00
146160,yejchoi,2022-10-19 08:39:00
145701,nahlee,2022-09-01 01:00:00
145620,junsakim,2023-12-30 01:00:00
145616,jajeong,2022-09-12 01:00:00
145614,donchoi,2022-07-24 01:00:00
145613,minhjang,2022-10-06 01:00:00
145609,ichoi,2022-07-04 01:00:00
145606,seyeo,2022-09-12 01:00:00
145604,seungbki,2022-07-10 01:00:00
145602,minkkim,2023-01-12 01:00:00
145598,byupark,2022-07-01 01:00:00
145592,sjo,2023-03-16 01:00:00
145590,seongwch,2023-02-11 01:00:00
145586,junbaek,2022-06-15 01:00:00
145584,sooykim,2023-07-12 01:00:00
145582,jiyseo,2022-09-14 01:00:00
145581,hojang,2022-04-19 01:00:00
145577,sumjang,2022-11-07 01:00:00
145575,3b3-98025,2022-02-13 01:00:00
145565,sunmoon,2022-02-13 01:00:00
145557,shwang,2022-04-13 01:00:00
145555,hwsong,2023-02-09 01:00:00
145554,jaekjung,2022-09-07 01:00:00
145549,donshin,2022-09-01 01:00:00
145548,wsim,2022-06-20 01:00:00
145536,kyungsle,2022-10-15 01:00:00
145534,sungukim,2022-07-18 01:00:00
145532,3b3-99767,2022-02-13 01:00:00
145526,bseo,2022-07-02 01:00:00
145524,sujpark,2022-10-18 01:00:00
145522,yrah,2022-02-13 01:00:00
145518,yjoo,2022-10-10 01:00:00
145516,3b3-98340,2022-04-19 01:00:00
145515,changkim,2022-09-03 01:00:00
145512,jonglee,2023-06-17 01:00:00
145504,junyounp,2022-05-23 01:00:00
145502,daylee,2022-04-13 01:00:00
145500,mcha,2023-05-29 01:00:00
145496,jislim,2022-09-01 01:00:00
145493,3b3-99819,2022-02-13 01:00:00
145486,sangkyki,2022-06-20 01:00:00
145482,museo,2023-05-15 01:00:00
145476,jaewoo,2022-07-23 01:00:00
145475,chaepark,2022-07-26 01:00:00
145471,boskim,2022-06-05 01:00:00
145469,yukim,2023-10-05 01:00:00
145467,jaewonki,2022-09-07 01:00:00
145466,jucho,2022-10-21 01:00:00
145464,seongjch,2022-10-04 01:00:00
145458,mchang,2022-08-18 01:00:00
145452,jeyoo,2022-06-20 01:00:00
145451,seungpar,2023-09-22 01:00:00
145449,sungmipa,2022-10-04 01:00:00
145448,yulee,2022-06-15 01:00:00
145445,suekang,2022-06-13 01:00:00
145443,junhkim,2022-11-05 01:00:00
145442,3b3-98341,2022-02-13 01:00:00
145437,younlee,2024-04-08 01:00:00
145435,balee,2023-05-18 01:00:00
145433,dga,2022-08-04 01:00:00
145427,hyojpark,2022-06-20 01:00:00
145423,daykim,2022-08-24 01:00:00
145418,yejikim,2023-08-01 01:00:00
145416,honkim,2022-09-24 01:00:00
145415,junekim,2022-12-08 01:00:00
145412,sochong,2022-04-19 01:00:00
145411,byan,2022-09-23 01:00:00
145408,hanusong,2022-06-26 01:00:00
145406,3b3-98035,2022-02-13 01:00:00
145403,byeokim,2022-08-06 01:00:00
145400,nakkim,2022-11-05 01:00:00
145389,sungjcho,2022-05-19 01:00:00
145388,jiha,2022-05-26 01:00:00
145387,wseo,2022-07-02 01:00:00
145383,sanghwle,2022-10-23 01:00:00
145381,wookim,2022-06-13 01:00:00
145378,jinhan,2022-11-18 01:00:00
145373,dongmkim,2022-06-13 01:00:00
145369,jaewopar,2022-09-12 01:00:00
145368,hwakim,2022-04-19 01:00:00
145365,misung,2022-04-13 01:00:00
145362,hrha,2022-06-30 01:00:00
145361,wolee,2022-04-19 01:00:00
145360,yuchung,2023-02-12 01:00:00
145355,docho,2022-11-09 01:00:00
145352,minjekan,2024-10-21 01:00:00
145351,hyunhole,2022-11-03 01:00:00
145347,sujang,2022-08-18 01:00:00
145345,jpark,2022-06-20 01:00:00
145343,byoo,2022-06-13 01:00:00
145335,jeonglee,2022-09-02 01:00:00
145331,doyu,2022-04-19 01:00:00
145328,jibae,2022-09-13 01:00:00
145324,yji,2022-06-20 01:00:00
145319,taewokim,2022-02-13 01:00:00
145318,hahn,2022-09-01 01:00:00
145317,lyang,2022-05-29 01:00:00
145310,goh,2022-04-19 01:00:00
145307,bechoi,2023-06-17 01:00:00
145297,minjukan,2022-05-29 01:00:00
145294,chsong,2022-08-17 01:00:00
145292,heha,2023-05-17 01:00:00
145289,jirhee,2022-09-09 01:00:00
145285,taeikim,2022-09-12 01:00:00
145281,seucho,2022-06-15 01:00:00
145280,gupark,2022-06-13 01:00:00
145271,hyelee,2022-10-08 01:00:00
145270,sku,2023-09-13 01:00:00
145269,siokim,2022-10-07 01:00:00
145267,sopark,2022-06-08 01:00:00
145265,yohwang,2022-07-21 01:00:00
145262,slyu,2024-08-10 01:00:00
145259,jaewokim,2022-08-29 01:00:00
145258,hyuncho,2023-01-23 01:00:00
145255,jayu,2022-06-21 01:00:00
145252,kyunpark,2022-04-13 01:00:00
145249,minseki2,2022-04-19 01:00:00
145248,hlim,2022-06-15 01:00:00
145246,behan,2022-09-11 01:00:00
145245,jajoo,2022-11-17 01:00:00
145244,ibae,2022-06-20 01:00:00
145240,3b3-98052,2022-02-13 01:00:00
145238,jonghapa,2022-12-04 01:00:00
145237,ean,2023-11-06 01:00:00
145236,wonjchoi,2023-09-18 01:00:00
145234,seongwki,2022-04-13 01:00:00
145233,yunhlee,2022-06-18 01:00:00
145232,taeykim,2022-10-16 01:00:00
145230,3b3-99777,2022-02-13 01:00:00
145229,seuoh,2022-04-13 01:00:00
145227,gseo,2022-02-13 01:00:00
145226,jham,2022-11-03 01:00:00
145225,hoyeolee,2022-07-19 01:00:00
145223,sankang,2022-07-30 01:00:00
145221,hykang,2022-08-12 01:00:00
145217,wocho,2022-08-25 01:00:00
145216,gyukim,2022-04-13 01:00:00
145215,kokim,2022-08-31 01:00:00
145213,jeonghak,2022-06-23 01:00:00
145209,jboo,2022-09-21 01:00:00
145207,3b3-99806,2022-03-02 01:00:00
145205,jaesjeon,2023-09-13 01:00:00
145201,jaebae,2023-03-09 01:00:00
145200,3b3-99776,2022-02-13 01:00:00
145198,hoh,2023-03-29 01:00:00
145194,hyeo,2022-12-03 01:00:00
145192,jiyonlee,2022-09-20 01:00:00
145191,3b3-99764,2022-02-13 01:00:00
145193,sangmlee,2022-07-23 01:00:00
145189,jisalee,2024-02-24 01:00:00
145187,shan,2022-10-20 01:00:00
145186,sejeon,2022-06-20 01:00:00
145185,seoyepar,2023-01-23 01:00:00
145184,jinychoi,2022-06-13 01:00:00
145182,juneskim,2022-12-08 01:00:00
145177,wkim,2023-10-06 01:00:00
145175,mkim3,2022-08-30 01:00:00
145171,jeounpar,2022-12-08 01:00:00
145172,donlee,2022-07-29 01:00:00
145170,wyu,2022-10-12 01:00:00
145169,chanjeon,2022-08-12 01:00:00
145168,jinhyupa,2022-04-13 01:00:00
145167,seungson,2022-04-19 01:00:00
145166,jisepark,2024-04-17 01:00:00
145165,kwolee,2022-09-06 01:00:00
145164,jeonjeon,2022-09-03 01:00:00
145162,ymoon,2024-03-28 01:00:00
145161,jiheo,2023-01-19 01:00:00
145160,kyeokim,2022-07-21 01:00:00
145159,sangklee,2022-04-13 01:00:00
145158,kyuchoi,2022-04-19 01:00:00
145156,chanhale,2023-05-07 01:00:00
145154,hako,2023-04-20 01:00:00
145153,minholee,2022-09-13 01:00:00
145152,ywee,2023-03-28 01:00:00
145151,seunggpa,2022-11-11 01:00:00
145149,junseo,2023-05-12 01:00:00
145146,yryu,2022-06-15 01:00:00
145142,3b3-99991,2022-02-13 01:00:00
145139,jihuhan,2022-04-02 01:00:00
145136,jinoh,2024-03-17 01:00:00
145132,yeoyoon,2022-06-20 01:00:00
134282,m-youknowone,2022-12-30 06:24:00
134238,3b3-96330,2022-12-29 04:49:00
134237,3b3-96329,2022-12-29 04:49:00
134236,m-ted,2022-12-29 04:48:00
134235,m-rogerjo,2022-12-29 04:48:00
134234,m-jacking75,2022-12-29 04:48:00
134233,m-markdeepinsight,2022-12-29 04:47:00
134232,m-darjeeling,2022-12-29 04:45:00
134231,m-soaple,2022-12-29 04:45:00
134230,3b3-95908,2022-12-29 04:44:00
134229,m-tedkim,2022-12-29 04:44:00
134228,m-hyunlove,2022-12-29 04:44:00
134227,m-jongfeel-kim,2022-12-29 04:43:00
134226,m-yagom,2022-12-29 04:43:00
134225,m-midgetfx,2022-12-29 04:42:00
134223,m-kwanghun,2022-12-29 04:41:00
134220,m-iamchiwon,2022-12-29 04:36:00
134219,m-repositivator,2022-12-29 04:35:00
134216,m-hwantkim,2022-12-29 04:30:00
134215,m-hannal,2022-12-29 04:29:00
133030,3b3-95896,2021-10-20 05:47:00
125411,floppy,2023-05-04 09:13:00
125241,swedu,2024-05-26 07:59:00
122914,yongchan,2021-08-02 13:31:00
121099,eunjong,2021-07-22 09:00:00
120578,seocho_desk,2024-04-10 07:28:00
120382,yongmiki,2022-09-23 00:42:00
120350,heeckim,2022-02-16 00:42:00
120287,3b3-86909,2021-12-04 00:42:00
120283,hyjeon,2022-09-23 00:42:00
120280,yohkim,2022-03-22 00:42:00
120277,yeukim,2022-05-11 00:42:00
120276,3b3-86974,2022-01-09 00:42:00
120274,seuchoi,2021-09-16 00:42:00
120273,hyewkim,2022-08-12 00:42:00
120272,jimikim,2023-01-01 00:42:00
120271,chaewkim,2023-04-12 00:42:00
120270,sikang,2022-08-05 00:42:00
120269,3b3-85260,2021-09-16 00:42:00
120268,yunjung,2022-07-19 00:42:00
120267,3b3-86962,2021-12-08 00:42:00
120265,3b3-85155,2021-12-14 00:42:00
120264,hyjeong,2022-09-27 00:42:00
120262,sbaek,2022-06-16 00:42:00
120260,woopark,2022-02-21 00:42:00
120259,3b3-86998,2022-02-17 00:42:00
120258,gpark,2022-05-03 00:42:00
120256,jihuhwan,2022-05-01 00:42:00
120254,3b3-86899,2022-02-19 00:42:00
120252,3b3-85185,2021-11-26 00:42:00
120251,minjeong,2021-09-16 00:42:00
120249,3b3-85294,2021-09-16 00:42:00
120248,jichung,2022-07-27 00:42:00
120247,jonghpar,2022-05-06 00:42:00
120246,3b3-86963,2022-03-06 00:42:00
120245,kyujlee,2023-01-06 00:42:00
120244,salee,2022-03-23 00:42:00
120243,ygil,2022-05-09 00:42:00
120242,geonkim,2022-01-27 00:42:00
120241,3b3-85223,2022-02-19 00:42:00
120240,tjeong,2022-03-30 00:42:00
120239,jihoh,2023-07-07 00:42:00
120237,jayoo,2022-05-03 00:42:00
120236,euhong,2022-08-14 00:42:00
120235,3b3-85114,2022-01-30 00:42:00
120233,seungyki,2022-09-23 00:42:00
120231,jinhpark,2022-08-06 00:42:00
120230,wooschoi,2021-12-08 00:42:00
120228,hanskim,2022-03-15 00:42:00
120227,mhong,2022-04-08 00:42:00
120224,wokim,2022-07-29 00:42:00
120222,juhur,2023-04-11 00:42:00
120221,hoyu,2021-12-07 00:42:00
120220,yeim,2022-04-01 00:42:00
120219,jiwhwang,2022-03-04 00:42:00
120218,3b3-85204,2022-01-27 00:42:00
120217,minhekim,2023-01-06 00:42:00
120215,jiwkim,2022-05-13 00:42:00
120214,mkang,2022-02-26 00:42:00
120213,3b3-85325,2022-02-24 00:42:00
120212,ehwangbo,2022-04-27 00:42:00
120211,minklee,2021-09-16 00:42:00
120209,kunlee,2022-05-10 00:42:00
120208,hyeojung,2022-07-23 00:42:00
120206,tahn,2022-04-13 00:42:00
120205,sungkim,2022-07-15 00:42:00
120202,sehypark,2022-01-26 00:42:00
120201,3b3-85240,2022-01-09 00:42:00
120200,3b3-85242,2021-09-16 00:42:00
120198,sungwopa,2022-03-26 00:42:00
120197,seongele,2022-09-28 00:42:00
120196,mson,2022-04-04 00:42:00
120195,jupark,2022-05-01 00:42:00
120194,myunkim,2023-02-11 00:42:00
120193,3b3-86814,2021-09-16 00:42:00
120192,jinwolee,2022-08-24 00:42:00
120191,iha,2022-06-10 00:42:00
120190,dachoi,2022-03-12 00:42:00
120189,hyno,2022-11-01 00:42:00
120188,youngmki,2022-06-16 00:42:00
120186,3b3-86890,2021-12-08 00:42:00
120185,seungcoh,2022-11-20 00:42:00
120184,hyun-wle,2022-01-09 00:42:00
120183,yusong,2022-06-10 00:42:00
120182,chalee,2022-03-11 00:42:00
120180,donghyki,2022-11-16 00:42:00
120178,yeonklee,2021-09-16 00:42:00
120177,yoyoo,2022-07-12 00:42:00
120175,swi,2022-10-07 00:42:00
120174,3b3-85109,2022-03-25 00:42:00
120173,tekim,2022-03-04 00:42:00
120171,dokwon,2022-03-01 00:42:00
120170,donyun,2022-01-24 00:42:00
120168,chanlee,2022-10-16 00:42:00
120167,minkang,2022-05-02 00:42:00
120166,gwoo,2023-01-13 00:42:00
120165,sehkang,2022-06-13 00:42:00
120164,ilim,2022-09-06 00:42:00
120163,seshim,2022-01-27 00:42:00
120162,kyunkim,2022-09-28 00:42:00
120160,yunselee,2023-03-22 00:42:00
120159,hanoh,2022-06-14 00:42:00
120157,minjupar,2022-12-18 00:42:00
120156,sungmcho,2022-06-12 00:42:00
120155,yshon,2022-06-22 00:42:00
120153,3b3-86966,2021-12-08 00:42:00
120151,woonchoi,2022-09-08 00:42:00
120150,yeonwlee,2022-02-09 00:42:00
120149,joonpark,2022-09-10 00:42:00
120148,namwkim,2022-07-08 00:42:00
120147,jseol,2023-01-04 00:42:00
120146,hjoung,2022-01-21 00:42:00
120144,3b3-85246,2022-07-23 00:42:00
120143,chahan,2022-06-17 00:42:00
120142,jokim,2022-01-25 00:42:00
120141,3b3-85349,2021-09-16 00:42:00
120139,sujo,2022-07-17 00:42:00
120138,jiwhan,2022-06-09 00:42:00
120137,byahn,2023-05-21 00:42:00
120136,beokim,2022-07-26 00:42:00
120135,sejin,2022-08-08 00:42:00
120134,jeohong,2022-03-15 00:42:00
120133,semin,2023-01-16 00:42:00
120132,hyunwkim,2022-08-07 00:42:00
120131,seunghyk,2022-09-24 00:42:00
120130,hykim,2022-03-18 00:42:00
120129,jongbpar,2022-04-26 00:42:00
120128,taeheoki,2022-12-03 00:42:00
120127,yonlee,2022-02-12 00:42:00
120126,sun-kim,2022-05-05 00:42:00
120125,csong,2022-05-21 00:42:00
120124,yejeong,2022-09-13 00:42:00
120123,hwon,2022-03-06 00:42:00
120122,jeolee,2021-11-09 00:42:00
120121,hyseo,2022-09-22 00:42:00
120120,jaewpark,2023-04-13 00:42:00
120119,hmoon,2022-11-16 00:42:00
120118,jaekwlee,2022-04-09 00:42:00
120117,sejeong,2022-04-12 00:42:00
120116,chalim,2023-01-12 00:42:00
120115,mkim2,2022-07-02 00:42:00
120114,jiyoo,2022-06-15 00:42:00
120113,junholee,2022-02-20 00:42:00
120112,ggim,2022-07-02 00:42:00
120111,sunghwki,2025-01-20 00:42:00
120108,taehpark,2022-02-15 00:42:00
120107,3b3-86795,2022-03-04 00:42:00
120106,byeukim,2023-06-04 00:42:00
120105,acho,2022-11-14 00:42:00
120104,ejang,2022-11-26 00:42:00
120103,3b3-85301,2021-09-16 00:42:00
120102,senam,2022-04-14 00:42:00
120101,3b3-85087,2021-12-08 00:42:00
120099,sangjeon,2023-01-14 00:42:00
120098,byungkim,2022-04-26 00:42:00
120096,3b3-86852,2021-09-16 00:42:00
120094,slee2,2022-10-27 00:42:00
120091,yebkim,2022-03-03 00:42:00
120090,kalee,2022-06-03 00:42:00
120089,sehhong,2022-09-15 00:42:00
120086,dokim,2022-01-25 00:42:00
120085,yonkim,2022-07-09 00:42:00
120081,jihkim,2023-09-26 00:42:00
120080,soahn,2022-07-15 00:42:00
120078,byu,2022-05-03 00:42:00
120076,3b3-85082,2022-01-27 00:42:00
120075,yunolee,2022-05-17 00:42:00
120074,hyoslee,2023-05-07 00:42:00
120073,bokim,2022-04-23 00:42:00
120072,juhan,2022-07-17 00:42:00
120070,ekwon,2022-04-16 00:42:00
120069,jhong,2022-05-16 00:42:00
120068,snam,2022-05-04 00:42:00
120066,3b3-87041,2021-09-16 00:42:00
120065,mintkim,2021-12-10 00:42:00
120064,byunkim,2022-04-17 00:42:00
120063,yesim,2022-06-12 00:42:00
120062,3b3-86790,2022-01-24 00:42:00
120061,kyoon,2023-02-04 00:42:00
120060,hkim2,2022-09-22 00:42:00
120059,hyojlee,2022-12-22 00:42:00
120058,hyeyokim,2022-03-02 00:42:00
120057,hookang,2022-07-26 00:42:00
120056,hbae,2022-01-25 00:42:00
120053,seulee,2022-05-30 00:42:00
120051,bypark,2022-07-16 00:42:00
120050,seuhan,2022-09-04 00:42:00
120049,sshin,2022-10-04 00:42:00
120048,jiyoulee,2022-04-18 00:42:00
120047,3b3-86805,2021-12-11 00:42:00
120045,sookang,2022-05-02 00:42:00
120044,minwkim,2021-10-21 00:42:00
120043,jukim,2022-05-20 00:42:00
120042,3b3-86818,2022-02-11 00:42:00
120040,hyunhlee,2022-06-01 00:42:00
120039,junylee,2023-07-21 00:42:00
120038,yeonjkim,2022-04-15 00:42:00
120037,3b3-86990,2021-10-31 00:42:00
120035,nawkim,2022-04-16 00:42:00
120034,3b3-85111,2022-03-06 00:42:00
120032,seubaek,2022-07-10 00:42:00
120031,geokim,2022-05-09 00:42:00
120030,gyeon,2023-05-23 00:42:00
120029,myoon,2022-07-06 00:42:00
120020,mijin,2021-07-09 02:54:00
120018,3b3-88182,2022-06-06 00:48:00
120016,3b3-88183,2021-07-09 00:48:00
120014,3b3-88184,2021-07-09 00:47:00
119979,3b3-88169,2021-07-07 01:02:00
114644,kiwookwon,2021-05-26 01:57:00
114643,chulhyuncho,2021-05-26 01:57:00
114642,gwangnamheo,2021-05-26 01:56:00
114080,42s_infodesk,2021-05-20 10:44:00
111867,hanstark,2024-01-17 02:22:00
111866,3b3-84332,2024-01-17 02:15:00
108441,3b3-80443,2021-03-08 07:23:00
108440,3b3-80468,2021-03-08 07:23:00
108439,3b3-81814,2021-03-08 07:23:00
108438,3b3-80398,2021-09-18 07:22:00
108437,3b3-79642,2021-03-08 07:22:00
108436,hayelee,2022-09-30 01:22:00
108435,3b3-81351,2021-09-11 01:21:00
108434,woojikim,2022-02-12 01:21:00
108433,jinglee,2022-05-08 01:20:00
108374,3b3-81783,2021-03-08 00:42:00
108371,3b3-81698,2021-03-08 00:42:00
108370,3b3-79594,2021-03-08 00:42:00
108369,3b3-81707,2021-06-28 00:42:00
108368,jaejlee,2022-07-05 00:42:00
108367,3b3-79684,2021-03-08 00:42:00
108366,sungjlee,2021-05-10 00:42:00
108365,sompark,2022-03-17 00:42:00
108364,3b3-80416,2021-10-06 00:42:00
108363,3b3-81316,2021-10-27 00:42:00
108362,sehwpark,2023-12-22 00:42:00
108361,taeskim,2022-11-22 00:42:00
108360,3b3-81692,2021-03-08 00:42:00
108359,taejkim,2022-10-01 00:42:00
108358,kirkim,2022-02-16 00:42:00
108357,chanhlee,2021-10-28 00:42:00
108356,3b3-79676,2021-06-30 00:42:00
108355,3b3-79706,2021-09-06 00:42:00
108354,seohan,2021-05-06 00:42:00
108353,ychoi,2022-08-27 00:42:00
108351,sajeon,2022-04-12 00:42:00
108350,jumoon,2022-02-01 00:42:00
108349,hyeonpar,2022-05-06 00:42:00
108348,seshin,2022-08-14 00:42:00
108347,jaan,2021-06-27 00:42:00
108346,3b3-81322,2021-06-28 00:42:00
108345,3b3-80404,2021-03-08 00:42:00
108344,3b3-81820,2022-02-17 00:42:00
108342,sna,2022-06-30 00:42:00
108316,bjeon,2022-01-05 00:42:00
108315,woolee,2021-07-03 00:42:00
108314,3b3-79683,2021-06-30 00:42:00
108313,3b3-81807,2021-11-03 00:42:00
108312,3b3-81709,2021-12-20 00:42:00
108311,3b3-81723,2021-12-04 00:42:00
108310,mylee,2021-05-30 00:42:00
108340,dsong,2022-03-18 00:42:00
108339,3b3-81798,2021-05-06 00:42:00
108338,khee-seo,2023-01-07 00:42:00
108337,seukang,2021-11-28 00:42:00
108336,jpyo,2022-02-18 00:42:00
108304,jiwonlee,2022-08-22 00:42:00
108334,yujung,2022-03-04 00:42:00
108303,galee,2022-12-14 00:42:00
108302,3b3-80392,2021-05-06 00:42:00
108301,3b3-80429,2021-03-08 00:42:00
108333,3b3-81436,2021-09-17 00:42:00
108332,3b3-79660,2021-03-08 00:42:00
108296,3b3-81373,2021-06-30 00:42:00
108331,hkim,2022-05-01 00:42:00
108295,doh,2021-03-08 00:42:00
108294,suan,2022-07-25 00:42:00
108293,clim,2022-10-15 00:42:00
108291,3b3-79696,2021-05-30 00:42:00
108290,3b3-81363,2021-06-30 00:42:00
108330,myulee,2021-05-05 00:42:00
108329,minylee,2023-08-18 00:42:00
108289,rkim,2021-06-30 00:42:00
108288,3b3-79633,2021-05-10 00:42:00
108285,gejo,2022-01-15 00:42:00
108284,3b3-81371,2021-09-11 00:42:00
108328,3b3-79602,2021-03-08 00:42:00
108283,seungiki,2022-08-03 00:42:00
108327,3b3-81703,2021-03-08 00:42:00
108282,3b3-80466,2022-01-22 00:42:00
108281,yoojlee,2022-07-10 00:42:00
108280,minkykim,2022-02-22 00:42:00
108279,3b3-81402,2021-10-08 00:42:00
108277,hyunwlee,2022-04-21 00:42:00
108276,ijeon,2022-05-01 00:42:00
108275,younghch,2021-10-27 00:42:00
108274,3b3-79709,2021-05-10 00:42:00
108273,kyumlee,2023-01-05 00:42:00
108272,3b3-79655,2021-05-07 00:42:00
108271,mchun,2022-04-28 00:42:00
108325,3b3-80436,2021-05-30 00:42:00
108270,3b3-80433,2021-09-19 00:42:00
108324,3b3-81823,2022-03-22 00:42:00
108268,3b3-80403,2021-05-28 00:42:00
108323,jeonpark,2022-10-29 00:42:00
108267,junyun,2021-06-30 00:42:00
108266,hyenam,2022-12-18 00:42:00
108265,jayi,2022-09-06 00:42:00
108264,naykim,2022-12-02 00:42:00
108263,3b3-79649,2021-03-08 00:42:00
108262,3b3-80420,2021-05-10 00:42:00
108260,3b3-80378,2022-01-29 00:42:00
108322,mingyuki,2023-04-03 00:42:00
108321,3b3-81765,2021-05-10 00:42:00
108259,jungwkim,2023-01-21 00:42:00
108258,3b3-81344,2021-05-06 00:42:00
108256,dojeon,2021-03-08 00:42:00
108255,3b3-81368,2021-09-29 00:42:00
108254,3b3-81427,2021-06-30 00:42:00
108253,3b3-81759,2021-03-08 00:42:00
108252,jubaek,2022-04-17 00:42:00
108251,3b3-79637,2022-01-31 00:42:00
108250,najlee,2022-03-20 00:42:00
108249,jinspark,2022-02-08 00:42:00
108248,gseobang,2021-09-17 00:42:00
108320,dablee,2021-09-16 00:42:00
108247,dlee,2022-06-23 00:42:00
108246,3b3-81388,2021-05-10 00:42:00
108245,chaeyeki,2021-06-17 00:42:00
108244,3b3-81758,2021-09-07 00:42:00
108243,junseole,2022-03-05 00:42:00
108318,3b3-81302,2021-10-27 00:42:00
108242,3b3-79681,2021-10-24 00:42:00
108241,jongpark,2023-01-03 00:42:00
108240,sjin,2022-12-28 00:42:00
108239,3b3-81367,2021-09-17 00:42:00
108237,3b3-79597,2022-01-16 00:42:00
108236,hyi,2022-02-26 00:42:00
108235,3b3-79690,2021-09-17 00:42:00
108234,mchoe,2021-06-17 00:42:00
108233,mtak,2022-12-23 00:42:00
108231,daypark,2022-09-19 00:42:00
108230,jbyeon,2022-03-19 00:42:00
108229,3b3-81329,2021-10-26 00:42:00
108228,ohkwon,2022-07-18 00:42:00
108227,3b3-80371,2021-05-10 00:42:00
108226,3b3-80476,2021-06-29 00:42:00
108225,3b3-81325,2021-10-27 00:42:00
108223,3b3-81420,2021-05-10 00:42:00
108220,jaehchoi,2022-04-28 00:42:00
108219,sorkim,2022-12-19 00:42:00
108218,seunghoh,2022-08-17 00:42:00
108217,3b3-81365,2021-10-27 00:42:00
108216,ybong,2022-06-21 00:42:00
108215,sashin,2022-09-09 00:42:00
108214,dim,2022-10-23 00:42:00
108213,jongekim,2023-08-15 00:42:00
108212,minsungk,2021-11-06 00:42:00
108211,3b3-81317,2021-05-10 00:42:00
108209,gkim,2022-07-29 00:42:00
108208,wonchoi,2022-06-19 00:42:00
108205,hyejung,2022-12-20 00:42:00
108204,hanelee,2022-09-21 00:42:00
108201,3b3-81808,2021-05-06 00:42:00
108200,3b3-79643,2021-09-17 00:42:00
108198,takim,2022-12-21 00:42:00
108197,heelee,2021-09-17 00:42:00
108196,junghyki,2022-05-14 00:42:00
108195,3b3-81426,2021-05-30 00:42:00
108194,sakim,2022-08-08 00:42:00
108193,3b3-80449,2021-06-30 00:42:00
108192,3b3-81403,2021-09-17 00:42:00
108191,3b3-81728,2022-01-31 00:42:00
108190,juchoi,2022-05-23 00:42:00
108189,3b3-81332,2021-05-10 00:42:00
108187,3b3-79662,2021-12-19 00:42:00
108186,hyeonhki,2022-02-17 00:42:00
108185,minsekim,2022-01-29 00:42:00
108184,3b3-81306,2021-06-28 00:42:00
108182,seokim,2022-06-09 00:42:00
108181,3b3-79622,2021-03-08 00:42:00
108180,dokkim,2022-10-22 00:42:00
108179,ilsong,2022-05-18 00:42:00
108178,eunjkim,2021-09-17 00:42:00
108177,hosong,2021-05-30 00:42:00
108176,hyunjuyo,2022-04-24 00:42:00
108174,gjeon,2022-06-08 00:42:00
108171,3b3-81785,2021-06-28 00:42:00
108170,3b3-81819,2021-10-11 00:42:00
108169,hyeykim,2022-12-21 00:42:00
108168,3b3-81791,2021-03-08 00:42:00
108167,seuan,2022-12-20 00:42:00
108166,hyun-jle,2022-04-16 00:42:00
108165,sunghlee,2021-12-19 00:42:00
108164,3b3-81410,2021-07-23 00:42:00
108160,sma,2023-01-10 00:42:00
108158,jaejeong,2022-07-13 00:42:00
108157,cjang,2022-08-05 00:42:00
108156,3b3-79631,2021-11-04 00:42:00
108155,psong,2022-03-19 00:42:00
108154,minchoi,2022-07-17 00:42:00
108153,gyoe,2021-12-03 00:42:00
108152,jae-kim,2022-04-28 00:42:00
108151,3b3-81376,2021-03-08 00:42:00
108150,3b3-79623,2021-03-08 00:42:00
108149,jiwchoi,2022-12-22 00:42:00
108145,gpaeng,2022-08-17 00:42:00
108144,jin-lee,2022-06-17 00:42:00
108142,ji-lee,2022-02-27 00:42:00
108140,gbyun,2021-09-21 00:42:00
108139,abang,2022-02-15 00:42:00
108138,3b3-79700,2021-11-03 00:42:00
108136,3b3-80385,2021-05-31 00:42:00
108135,3b3-79689,2021-06-29 00:42:00
108133,3b3-79679,2021-10-01 00:42:00
108132,3b3-81732,2021-06-30 00:42:00
108131,namhkim,2022-06-03 00:42:00
108129,3b3-79678,2021-12-07 00:42:00
108127,nasong,2022-08-13 00:42:00
108126,3b3-79641,2021-06-30 00:42:00
108125,3b3-79611,2022-10-28 00:42:00
108124,jleem,2022-01-19 00:42:00
108123,3b3-81746,2021-12-09 00:42:00
108121,3b3-80367,2021-10-25 00:42:00
108120,3b3-81748,2021-09-29 00:42:00
108119,seonhong,2022-04-25 00:42:00
108118,dher,2022-02-03 00:42:00
108117,jjang,2021-06-30 00:42:00
108115,seunoh,2021-09-17 00:42:00
108114,jjeon,2022-06-03 00:42:00
108111,jeson,2022-10-14 00:42:00
108110,sanghlee,2021-09-28 00:42:00
108109,yoncho,2021-10-09 00:42:00
108108,hcho,2022-09-14 00:42:00
108107,tkim,2022-10-29 00:42:00
108106,dohelee,2022-08-14 00:42:00
108105,donpark,2023-01-21 00:42:00
108104,seujeon,2022-05-01 00:42:00
108103,taewakim,2022-05-14 00:42:00
108102,jealee,2022-03-11 00:42:00
108101,suhshin,2022-10-10 00:42:00
108100,juyou,2021-11-03 00:42:00
108099,3b3-81338,2021-09-13 00:42:00
108098,jiykim,2021-09-17 00:42:00
108097,echung,2022-09-08 00:42:00
108096,tyou,2022-09-26 00:42:00
108095,sangchpa,2022-04-29 00:42:00
108094,3b3-79578,2021-05-30 00:42:00
108092,hnoh,2022-05-16 00:42:00
108091,ychung,2021-06-30 00:42:00
108090,teom,2021-10-13 00:42:00
108088,schoi,2022-04-04 00:42:00
108087,hynam,2022-10-06 00:42:00
108086,jeonghwk,2024-06-27 00:42:00
108085,3b3-81386,2021-09-16 00:42:00
108084,yoonlee,2021-05-30 00:42:00
108083,bahn,2022-09-01 00:42:00
108081,sanghole,2022-07-18 00:42:00
108080,junshin,2021-11-29 00:42:00
108079,hoshin,2021-03-08 00:42:00
107888,duyeop,2023-11-22 06:41:00
107768,3b3-82560,2023-11-14 00:24:00
105987,ohjongin,2021-01-27 01:11:00
105626,igo,2021-01-22 04:44:00
102658,leehojun,2020-12-22 23:56:00
102657,kimsubo,2020-12-22 23:57:00
102101,3b3-74913,2021-05-27 04:40:00
102098,hyepark,2022-04-06 07:34:00
102097,3b3-76309,2021-03-07 07:33:00
102096,chmoon,2021-10-08 07:04:00
102074,3b3-76256,2021-04-27 01:00:00
102072,hyhwang,2021-04-12 01:00:00
102071,sungclee,2022-06-13 01:00:00
102070,jiselee,2021-04-27 01:00:00
102069,whan,2022-02-17 01:00:00
102068,soekim,2022-07-15 01:00:00
102067,3b3-76210,2022-01-10 01:00:00
102066,3b3-76336,2021-05-03 01:00:00
102065,jaekpark,2022-08-20 01:00:00
102062,3b3-76121,2021-03-22 01:00:00
102061,jimkwon,2022-07-02 01:00:00
102060,wopark,2022-06-15 01:00:00
102059,sunmin,2022-01-03 01:00:00
102058,jakwak,2021-03-25 01:00:00
102054,hyungkim,2022-06-28 01:00:00
102053,taeekim,2021-05-30 01:00:00
102052,3b3-76300,2021-04-28 01:00:00
102049,mkal,2022-04-30 01:00:00
102048,3b3-76234,2020-12-14 01:00:00
102047,3b3-76209,2021-05-29 01:00:00
102046,3b3-76369,2021-05-05 01:00:00
102045,3b3-76197,2021-04-07 01:00:00
102044,3b3-76296,2021-02-13 01:00:00
102043,3b3-76182,2022-01-19 01:00:00
102042,mko,2020-12-14 01:00:00
102041,3b3-76282,2020-12-14 01:00:00
102039,seapark,2022-04-15 01:00:00
102038,3b3-76181,2021-04-12 01:00:00
102037,3b3-76205,2021-11-24 01:00:00
102036,seocho,2022-09-29 01:00:00
102035,3b3-76347,2020-12-14 01:00:00
102034,3b3-76170,2022-02-10 01:00:00
102033,yonjo,2020-12-14 01:00:00
102031,3b3-76201,2021-03-17 01:00:00
102030,chanykim,2022-03-19 01:00:00
102029,3b3-76348,2021-03-07 01:00:00
102028,seko,2021-03-07 01:00:00
102027,3b3-76187,2021-03-27 01:00:00
102026,yujeon,2022-09-25 01:00:00
102025,dahpark,2022-09-20 01:00:00
102023,3b3-76313,2021-04-07 01:00:00
102020,3b3-76326,2021-06-27 01:00:00
102019,nsong,2021-10-31 01:00:00
102017,hyechoi,2022-03-19 01:00:00
102015,gso,2022-06-17 01:00:00
102014,okwon,2023-10-14 01:00:00
102013,3b3-76135,2021-03-07 01:00:00
102011,3b3-76289,2020-12-14 01:00:00
102010,3b3-76161,2021-10-06 01:00:00
102009,napark,2022-01-31 01:00:00
102008,3b3-76241,2021-05-29 01:00:00
102007,dongklee,2022-05-17 01:00:00
102006,tgil,2021-05-28 01:00:00
102005,3b3-76354,2021-04-05 01:00:00
102004,3b3-76286,2021-05-29 01:00:00
102003,3b3-76125,2021-05-28 01:00:00
102002,soooh,2022-04-11 01:00:00
102001,seungmki,2022-05-23 01:00:00
102000,3b3-76176,2021-02-15 01:00:00
101999,jo,2021-02-15 01:00:00
101998,3b3-76151,2021-03-01 01:00:00
101997,nlee,2022-07-24 01:00:00
101996,dongwkim,2021-09-28 01:00:00
101995,ji-kim,2022-12-17 01:00:00
101994,3b3-76314,2021-02-15 01:00:00
101993,ji-park,2022-03-31 01:00:00
101992,3b3-76308,2021-04-25 01:00:00
101991,kyukim,2022-07-28 01:00:00
101990,sanghpar,2022-10-29 01:00:00
101989,3b3-76330,2021-03-25 01:00:00
101986,senoh,2022-08-14 01:00:00
101985,hojo,2022-05-08 01:00:00
101984,jinukim,2022-09-11 01:00:00
101983,jaehpark,2022-08-16 01:00:00
101982,3b3-76194,2021-04-26 01:00:00
101981,seokpark,2021-06-23 01:00:00
101979,gunkim,2022-09-26 01:00:00
101978,seungnle,2022-04-14 01:00:00
101977,sushin,2022-12-17 01:00:00
101976,hyeojang,2022-04-02 01:00:00
101975,3b3-76312,2021-09-28 01:00:00
101973,3b3-76237,2021-05-16 01:00:00
101972,ukim,2022-04-20 01:00:00
101971,3b3-76374,2021-12-20 01:00:00
101970,sanoh,2022-05-19 01:00:00
101969,sean,2022-07-06 01:00:00
101968,seowlee,2021-05-29 01:00:00
101967,kyulee,2021-11-07 01:00:00
101966,sujilee,2022-08-17 01:00:00
101962,3b3-76385,2021-04-07 01:00:00
101961,3b3-76183,2021-11-30 01:00:00
101957,ekim,2022-05-11 01:00:00
101956,3b3-76188,2021-05-29 01:00:00
101954,junghkim,2022-04-11 01:00:00
101951,3b3-76133,2021-05-28 01:00:00
101949,3b3-76378,2021-05-27 01:00:00
101947,3b3-76232,2021-10-09 01:00:00
101946,yjang,2021-05-29 01:00:00
101943,3b3-76118,2021-06-06 01:00:00
101942,ukwon,2022-11-08 01:00:00
101940,hson,2022-11-27 01:00:00
101939,seonggki,2022-06-04 01:00:00
101938,3b3-76223,2021-02-15 01:00:00
101937,hekang,2022-09-26 01:00:00
101936,ylee,2022-08-13 01:00:00
101935,3b3-76231,2021-04-28 01:00:00
101934,jinylee,2022-03-04 01:00:00
101932,3b3-76284,2021-11-26 01:00:00
101931,3b3-76195,2020-12-14 01:00:00
101930,3b3-76211,2021-03-26 01:00:00
101929,suylee,2022-02-07 01:00:00
101914,soyi,2020-12-09 05:37:00
101906,3b3-78719,2020-12-08 00:44:00
100985,3b3-78401,2020-11-23 07:48:00
100447,3b3-78027,2020-11-18 07:24:00
100032,3b3-75090,2021-02-15 01:00:00
100030,3b3-74850,2021-04-25 01:00:00
100029,kihkim,2023-09-18 01:00:00
100028,3b3-74903,2021-12-19 01:00:00
100027,taehokim,2022-02-13 01:00:00
100026,juepark,2022-08-30 01:00:00
100025,3b3-74912,2021-04-07 01:00:00
100024,3b3-75105,2021-04-07 01:00:00
100023,3b3-75099,2021-02-13 01:00:00
100022,3b3-74881,2021-03-24 01:00:00
100021,3b3-75063,2021-03-07 01:00:00
100020,3b3-75082,2022-02-07 01:00:00
100019,3b3-74862,2022-02-24 01:00:00
100018,tapark,2022-02-21 01:00:00
100017,sujeon,2022-03-18 01:00:00
100016,ayeon,2021-03-07 01:00:00
100015,jyou,2021-03-07 01:00:00
100014,3b3-74914,2021-03-07 01:00:00
100013,yojung,2021-03-07 01:00:00
100011,3b3-75043,2022-01-14 01:00:00
100010,3b3-75081,2020-12-14 01:00:00
100009,mjung,2022-06-11 01:00:00
100008,3b3-75101,2021-06-27 01:00:00
100007,3b3-75034,2021-05-29 01:00:00
100006,3b3-75064,2021-05-28 01:00:00
100004,3b3-74911,2021-04-07 01:00:00
100000,3b3-75126,2021-05-29 01:00:00
99998,3b3-74925,2021-12-17 01:00:00
99997,3b3-75024,2021-10-08 01:00:00
99994,3b3-74930,2020-12-14 01:00:00
99992,3b3-74859,2021-12-02 01:00:00
99991,gypark,2022-05-23 01:00:00
99990,yeoncho,2021-10-30 01:00:00
99988,jeunjeon,2022-04-28 01:00:00
99986,yongckim,2022-08-09 01:00:00
99984,taekang,2022-02-11 01:00:00
99983,hyahn,2022-09-21 01:00:00
99982,3b3-75030,2021-05-29 01:00:00
99981,3b3-74852,2020-12-14 01:00:00
99980,kyekim,2022-01-18 01:00:00
99979,okim,2021-10-07 01:00:00
99978,wochoi,2021-05-30 01:00:00
99976,hojeong,2021-04-27 01:00:00
99975,da-lee,2021-04-27 01:00:00
99973,inssong,2023-05-09 01:00:00
99972,3b3-75087,2021-06-06 01:00:00
99971,mcho,2021-11-01 01:00:00
99970,3b3-74867,2021-10-08 01:00:00
99969,sangcpar,2022-08-05 01:00:00
99968,3b3-74941,2021-02-11 01:00:00
99967,3b3-74942,2021-02-15 01:00:00
99966,3b3-75020,2021-04-27 01:00:00
99965,3b3-74931,2021-03-25 01:00:00
99964,kiskim,2021-10-08 01:00:00
99962,junghlee,2022-03-19 01:00:00
99961,kyounkim,2022-02-20 01:00:00
99960,3b3-74870,2021-03-25 01:00:00
99959,suhong,2022-02-05 01:00:00
99958,3b3-74951,2022-02-06 01:00:00
99956,3b3-75058,2021-05-29 01:00:00
99955,3b3-74876,2021-04-05 01:00:00
99953,gjung,2021-12-11 01:00:00
99952,3b3-74878,2021-03-07 01:00:00
99951,3b3-74834,2022-02-01 01:00:00
99950,minsukim,2021-04-07 01:00:00
99949,yekim,2022-11-10 01:00:00
99948,3b3-74918,2021-04-27 01:00:00
99947,jeujeon,2022-01-04 01:00:00
99946,3b3-75086,2021-12-15 01:00:00
99944,3b3-74836,2022-02-13 01:00:00
99943,sohelee,2022-07-22 01:00:00
99941,jitlee,2022-06-08 01:00:00
99940,3b3-75025,2021-05-29 01:00:00
99939,yucho,2022-04-07 01:00:00
99938,kwlee,2022-02-23 01:00:00
99937,soyelee,2022-07-27 01:00:00
99936,3b3-75032,2021-02-15 01:00:00
99935,scheon,2022-03-17 01:00:00
99934,seujang,2021-12-02 01:00:00
99933,3b3-75089,2021-04-07 01:00:00
99932,hyomkim,2021-10-08 01:00:00
99930,3b3-75015,2021-05-29 01:00:00
99929,hyojang,2022-06-09 01:00:00
99928,hroh,2022-05-22 01:00:00
99927,hyun,2021-04-28 01:00:00
99925,kypark,2022-11-03 01:00:00
99924,jaeelee,2022-07-24 01:00:00
99922,3b3-74899,2021-12-01 01:00:00
99921,mchae,2022-07-31 01:00:00
99919,youncho,2023-05-30 01:00:00
99918,3b3-75065,2021-09-13 01:00:00
99917,hyerkim,2022-11-03 01:00:00
99916,3b3-74882,2021-03-25 01:00:00
99915,3b3-74928,2022-02-08 01:00:00
99914,hopark,2022-06-04 01:00:00
99913,3b3-74879,2022-01-10 01:00:00
99912,3b3-75062,2022-01-11 01:00:00
99911,3b3-74916,2021-03-07 01:00:00
99910,elim,2022-08-10 01:00:00
99909,yajung,2021-04-07 01:00:00
99908,hyunlee,2022-10-16 01:00:00
99907,3b3-74900,2021-02-15 01:00:00
99906,hojlee,2021-10-05 01:00:00
99905,3b3-75068,2021-04-07 01:00:00
99904,dongkang,2021-03-07 01:00:00
99903,sehpark,2022-01-05 01:00:00
99902,dohlee,2021-11-24 01:00:00
99901,3b3-74837,2021-04-02 01:00:00
99900,3b3-74891,2021-03-07 01:00:00
99897,3b3-74866,2021-03-18 01:00:00
99896,jaeskim,2024-11-28 01:00:00
99894,yonam,2023-01-29 01:00:00
99893,3b3-75069,2021-04-06 01:00:00
99891,tseo,2022-05-13 01:00:00
99890,3b3-74896,2021-11-25 01:00:00
99889,3b3-75050,2021-05-29 01:00:00
99888,3b3-75041,2022-02-07 01:00:00
99887,3b3-74957,2021-10-06 01:00:00
99886,hokim,2022-11-29 01:00:00
96855,3b3-75665,2020-10-01 07:05:00
96843,3b3-75653,2020-09-28 23:54:00
96840,kyhong,2020-09-28 00:04:00
96521,3b3-75353,2021-03-21 02:08:00
96195,3b3-74209,2020-09-15 08:21:00
95844,seomoon,2022-03-12 00:00:00
95841,3b3-72429,2021-06-16 00:00:00
95840,3b3-72431,2022-02-27 00:00:00
95839,junsulee,2021-05-25 00:00:00
95838,hoylee,2022-08-11 00:00:00
95836,hyunkim,2022-02-19 00:00:00
95835,3b3-72467,2021-05-21 00:00:00
95834,yepark,2022-04-30 00:00:00
95833,kkang,2022-05-24 00:00:00
95832,3b3-72427,2021-01-06 00:00:00
95831,jiylee,2022-02-17 00:00:00
95830,djeon,2022-02-04 00:00:00
95829,hyunyoo,2022-03-08 00:00:00
95828,bkwag,2022-03-05 00:00:00
95827,3b3-72466,2021-01-26 00:00:00
95826,3b3-72487,2021-07-14 00:00:00
95825,jjoo,2022-07-18 00:00:00
95824,dhyeon,2022-07-23 00:00:00
95823,3b3-72455,2021-12-13 00:00:00
95822,3b3-72492,2021-05-21 00:00:00
95821,hyulee,2022-02-12 00:00:00
95818,cchoi,2021-06-16 00:00:00
95816,3b3-72432,2021-06-18 00:00:00
95815,arjo,2021-01-24 00:00:00
95814,3b3-72422,2021-04-01 00:00:00
95812,eun-park,2022-06-25 00:00:00
95811,3b3-72458,2021-04-17 00:00:00
95810,yyoon,2021-04-21 00:00:00
95808,3b3-72435,2020-12-04 00:00:00
95807,jiyyu,2021-02-09 00:00:00
95806,3b3-72438,2022-05-29 00:00:00
95805,juhpark,2022-08-13 00:00:00
95803,3b3-72461,2021-01-06 00:00:00
95801,sung-lee,2023-01-29 00:00:00
95800,soohchoi,2022-06-03 00:00:00
95799,3b3-72480,2021-06-22 00:00:00
95210,3b3-74122,2020-08-24 10:01:00
94170,3b3-70836,2020-07-01 15:00:00
93848,doosoo,2020-06-24 15:00:00
93847,kristine,2020-06-24 15:00:00
93843,3b3-74369,2020-06-24 08:31:00
93838,3b3-68582,2020-06-23 15:00:00
93836,3b3-74119,2023-03-20 00:14:00
93625,3b3-74365,2022-05-26 01:44:00
93623,3b3-74364,2020-06-17 15:00:00
93618,3b3-74116,2020-09-04 00:05:00
90549,3b3-68891,2020-06-11 02:20:00
90342,3b3-69115,2021-03-03 07:55:00
90340,3b3-69011,2021-03-20 05:24:00
90339,3b3-68830,2020-07-17 05:17:00
90324,japark,2021-03-11 06:52:00
90314,3b3-68829,2021-02-09 10:20:00
90309,hmin,2021-07-21 04:42:00
90308,3b3-69067,2020-08-30 04:42:00
90305,3b3-69091,2020-11-22 04:42:00
90304,3b3-69060,2021-02-11 04:42:00
90303,3b3-69064,2020-06-10 04:42:00
90302,3b3-68966,2021-04-23 04:42:00
90301,3b3-69140,2021-03-09 04:42:00
90300,3b3-69163,2020-06-10 04:42:00
90298,jae,2021-03-26 04:42:00
90297,3b3-68873,2021-06-21 04:42:00
90294,3b3-69032,2020-11-21 04:42:00
90293,3b3-69036,2020-12-05 04:42:00
90292,3b3-69048,2021-03-24 04:42:00
90291,shpark,2021-03-21 04:42:00
90290,sooyoon,2022-03-19 04:42:00
90289,3b3-68897,2022-02-20 04:42:00
90288,3b3-68888,2020-06-10 04:42:00
90286,3b3-68976,2020-06-10 04:42:00
90285,3b3-68879,2021-02-17 04:42:00
90284,3b3-68916,2020-06-10 04:42:00
90282,hyukim,2021-12-05 04:42:00
90281,jyang,2021-08-21 04:42:00
90280,3b3-69142,2020-11-23 04:42:00
90279,3b3-69081,2021-05-25 04:42:00
90276,nakim,2022-03-01 04:42:00
90275,3b3-69072,2020-08-09 04:42:00
90274,3b3-69153,2020-10-02 04:42:00
90273,3b3-69007,2021-03-31 04:42:00
90272,junhpark,2022-03-20 04:42:00
90271,seunkim,2022-03-01 04:42:00
90269,hyejang,2021-04-06 04:42:00
90268,3b3-69089,2020-11-23 04:42:00
90267,3b3-69041,2021-03-12 04:42:00
90266,3b3-68887,2021-03-16 04:42:00
90265,yunslee,2022-02-20 04:42:00
90264,3b3-69151,2020-10-22 04:42:00
90263,3b3-68964,2020-06-10 04:42:00
90262,3b3-69145,2020-11-21 04:42:00
90260,3b3-68945,2020-10-18 04:42:00
90259,3b3-69050,2021-05-01 04:42:00
90258,3b3-68932,2021-05-24 04:42:00
90257,3b3-68926,2020-11-15 04:42:00
90256,3b3-69157,2021-02-28 04:42:00
90255,3b3-69042,2020-11-21 04:42:00
90254,dochoi,2021-03-23 04:42:00
90253,juhlee,2022-03-01 04:42:00
90252,3b3-68955,2021-04-03 04:42:00
90251,3b3-69170,2020-10-20 04:42:00
90250,sujeong,2021-06-23 04:42:00
90248,tayang,2023-08-27 04:42:00
90247,3b3-69150,2021-06-09 04:42:00
90246,daelee,2022-03-22 04:42:00
90245,3b3-69128,2021-02-11 04:42:00
90244,3b3-69167,2020-11-24 04:42:00
90243,3b3-69054,2020-08-12 04:42:00
90242,3b3-68871,2020-11-23 04:42:00
90241,3b3-68915,2021-03-01 04:42:00
90240,3b3-69084,2021-07-19 04:42:00
90239,3b3-69160,2020-09-30 04:42:00
90238,seobaek,2022-03-01 04:42:00
90237,yeha,2022-03-31 04:42:00
90236,3b3-69117,2021-03-11 04:42:00
90235,3b3-68977,2020-08-12 04:42:00
90234,3b3-69040,2020-10-22 04:42:00
90233,hylee,2022-02-15 04:42:00
90232,3b3-69124,2021-08-08 04:42:00
90231,byukim,2022-03-16 04:42:00
90230,3b3-68967,2021-03-03 04:42:00
90228,3b3-68941,2020-11-24 04:42:00
90227,hseo,2021-12-13 04:42:00
90225,3b3-69099,2020-08-08 04:42:00
90222,kukim,2022-03-31 04:42:00
90221,3b3-69109,2021-03-06 04:42:00
90219,3b3-69093,2020-10-02 04:42:00
90218,jeoryu,2021-12-18 04:42:00
90217,3b3-68947,2021-01-11 04:42:00
90216,jason,2020-10-22 04:42:00
90215,3b3-68861,2022-02-06 04:42:00
90214,secho,2022-02-12 04:42:00
90213,3b3-69105,2021-03-11 04:42:00
90212,jbeen,2022-05-09 04:42:00
90211,dakim,2022-03-17 04:42:00
90209,3b3-69188,2022-04-07 04:42:00
90205,3b3-68898,2021-04-01 04:42:00
90203,3b3-69035,2020-09-15 04:42:00
90202,3b3-68856,2020-08-08 04:42:00
90201,3b3-68961,2022-02-27 04:42:00
90200,yapark,2021-08-07 04:42:00
90197,hyeokim,2021-06-21 04:42:00
90193,ryukim,2022-03-24 04:42:00
90192,3b3-69087,2020-06-10 04:42:00
90191,dson,2021-12-15 04:42:00
90190,seogkim,2021-03-09 04:42:00
90187,3b3-69179,2021-03-11 04:42:00
90186,3b3-69094,2021-05-25 04:42:00
90185,3b3-69158,2020-09-27 04:42:00
90184,gipark,2022-02-12 04:42:00
90183,jjo,2021-03-13 04:42:00
90182,yeonhlee,2022-02-26 04:42:00
90181,3b3-68997,2021-04-05 04:42:00
90179,3b3-68940,2021-08-15 04:42:00
90178,seongpar,2021-06-15 04:42:00
90176,sungslee,2021-04-20 04:42:00
90174,3b3-69066,2022-01-24 04:42:00
90173,jijung,2021-06-16 04:42:00
90171,3b3-69023,2020-10-02 04:42:00
90170,myoh,2021-08-15 04:42:00
90169,3b3-69092,2021-04-13 04:42:00
90166,taelee,2022-03-15 04:42:00
90165,sseo,2022-03-15 04:42:00
90164,sebaek,2022-04-13 04:42:00
90163,3b3-68975,2021-04-02 04:42:00
90161,youlee,2022-02-26 04:42:00
90160,nkang,2022-02-24 04:42:00
90159,3b3-68889,2021-02-24 04:42:00
90157,3b3-68988,2020-10-02 04:42:00
90156,minckim,2022-03-15 04:42:00
90155,chlim,2022-02-04 04:42:00
90154,3b3-69135,2021-05-30 04:42:00
90153,3b3-68982,2020-11-19 04:42:00
90151,3b3-68973,2020-08-22 04:42:00
90150,3b3-69037,2020-09-23 04:42:00
90149,jaeylee,2022-03-19 04:42:00
90148,seolim,2022-05-09 04:42:00
90147,sangkim,2020-06-10 04:42:00
90146,3b3-69096,2021-03-11 04:42:00
90145,3b3-68884,2021-08-08 04:42:00
90144,3b3-68936,2021-03-25 04:42:00
90143,sanhan,2022-02-15 04:42:00
90142,hyushin,2020-09-30 04:42:00
90141,3b3-69033,2022-01-15 04:42:00
90140,3b3-69088,2020-11-22 04:42:00
90139,taehkim,2022-02-17 04:42:00
90138,yonglee,2022-02-15 04:42:00
90136,3b3-68969,2021-06-17 04:42:00
90135,nukim,2022-05-17 04:42:00
90133,3b3-68968,2021-07-01 04:42:00
90132,3b3-69025,2021-01-14 04:42:00
90131,3b3-69131,2022-03-21 04:42:00
90128,seoh,2021-02-11 04:42:00
90126,jongkim,2022-06-20 04:42:00
90124,3b3-69071,2021-04-12 04:42:00
90121,3b3-69074,2022-02-12 04:42:00
90120,3b3-69073,2021-02-03 04:42:00
90119,yshim,2021-02-23 04:42:00
90117,donkim,2020-08-12 04:42:00
90114,3b3-69136,2021-02-02 04:42:00
90113,yeosong,2022-03-01 04:42:00
90112,3b3-68895,2022-02-10 04:42:00
90111,yuhan,2021-06-16 04:42:00
90110,3b3-69076,2021-03-25 04:42:00
90109,seongwpa,2022-03-22 04:42:00
90108,hakang,2021-03-31 04:42:00
88927,3b3-68832,2020-05-02 15:00:00
87194,3b3-69904,2020-04-13 15:00:00
84769,3b3-68707,2020-03-30 15:00:00
84607,3b3-68641,2020-05-25 15:00:00
84182,lime,2020-03-19 15:00:00
80673,3b3-67026,2020-02-05 15:00:00
